cfg_id,phase,symbol,return_pct,pf,dd,calmar,trades,hit,halted,params
0,train,SOL/USD,164.92,1.904,-6.96,263.733,588,79.1,False,"{""sl_mode"": ""per_position"", ""momentum_hold_max"": 0, ""trend_filter_enabled"": false, ""min_step_pct"": 0.0, ""directional_enabled"": false, ""leverage"": 3.0}"
0,train,ETH/USD,142.61,1.986,-6.64,208.001,533,79.7,False,"{""sl_mode"": ""per_position"", ""momentum_hold_max"": 0, ""trend_filter_enabled"": false, ""min_step_pct"": 0.0, ""directional_enabled"": false, ""leverage"": 3.0}"
0,train,AVAX/USD,96.34,1.577,-12.99,52.234,558,77.6,False,"{""sl_mode"": ""per_position"", ""momentum_hold_max"": 0, ""trend_filter_enabled"": false, ""min_step_pct"": 0.0, ""directional_enabled"": false, ""leverage"": 3.0}"
0,train,LINK/USD,153.69,2.041,-8.45,188.976,547,79.3,False,"{""sl_mode"": ""per_position"", ""momentum_hold_max"": 0, ""trend_filter_enabled"": false, ""min_step_pct"": 0.0, ""directional_enabled"": false, ""leverage"": 3.0}"
0,train,XRP/USD,121.5,1.694,-11.44,89.494,557,76.8,False,"{""sl_mode"": ""per_position"", ""momentum_hold_max"": 0, ""trend_filter_enabled"": false, ""min_step_pct"": 0.0, ""directional_enabled"": false, ""leverage"": 3.0}"
1,train,SOL/USD,161.83,1.89,-6.96,253.97,589,78.9,False,"{""sl_mode"": ""per_position"", ""momentum_hold_max"": 0, ""trend_filter_enabled"": false, ""min_step_pct"": 0.0, ""directional_enabled"": true, ""leverage"": 3.0}"
1,train,ETH/USD,138.05,1.958,-8.65,150.043,534,79.6,False,"{""sl_mode"": ""per_position"", ""momentum_hold_max"": 0, ""trend_filter_enabled"": false, ""min_step_pct"": 0.0, ""directional_enabled"": true, ""leverage"": 3.0}"
1,train,AVAX/USD,91.61,1.553,-12.99,47.95,559,77.5,False,"{""sl_mode"": ""per_position"", ""momentum_hold_max"": 0, ""trend_filter_enabled"": false, ""min_step_pct"": 0.0, ""directional_enabled"": true, ""leverage"": 3.0}"
1,train,LINK/USD,147.0,2.0,-8.45,173.299,547,79.3,False,"{""sl_mode"": ""per_position"", ""momentum_hold_max"": 0, ""trend_filter_enabled"": false, ""min_step_pct"": 0.0, ""directional_enabled"": true, ""leverage"": 3.0}"
1,train,XRP/USD,117.91,1.678,-11.44,84.723,558,76.7,False,"{""sl_mode"": ""per_position"", ""momentum_hold_max"": 0, ""trend_filter_enabled"": false, ""min_step_pct"": 0.0, ""directional_enabled"": true, ""leverage"": 3.0}"
2,train,SOL/USD,172.01,1.874,-10.1,197.906,493,69.6,False,"{""sl_mode"": ""per_position"", ""momentum_hold_max"": 0, ""trend_filter_enabled"": false, ""min_step_pct"": 0.01, ""directional_enabled"": false, ""leverage"": 3.0}"
2,train,ETH/USD,181.64,2.092,-8.0,279.073,438,73.5,False,"{""sl_mode"": ""per_position"", ""momentum_hold_max"": 0, ""trend_filter_enabled"": false, ""min_step_pct"": 0.01, ""directional_enabled"": false, ""leverage"": 3.0}"
2,train,AVAX/USD,94.61,1.529,-21.64,30.399,464,68.8,False,"{""sl_mode"": ""per_position"", ""momentum_hold_max"": 0, ""trend_filter_enabled"": false, ""min_step_pct"": 0.01, ""directional_enabled"": false, ""leverage"": 3.0}"
2,train,LINK/USD,179.98,2.068,-9.5,230.581,453,72.8,False,"{""sl_mode"": ""per_position"", ""momentum_hold_max"": 0, ""trend_filter_enabled"": false, ""min_step_pct"": 0.01, ""directional_enabled"": false, ""leverage"": 3.0}"
2,train,XRP/USD,143.06,1.753,-12.02,115.673,481,70.1,False,"{""sl_mode"": ""per_position"", ""momentum_hold_max"": 0, ""trend_filter_enabled"": false, ""min_step_pct"": 0.01, ""directional_enabled"": false, ""leverage"": 3.0}"
3,train,SOL/USD,168.74,1.861,-10.1,190.395,494,69.4,False,"{""sl_mode"": ""per_position"", ""momentum_hold_max"": 0, ""trend_filter_enabled"": false, ""min_step_pct"": 0.01, ""directional_enabled"": true, ""leverage"": 3.0}"
3,train,ETH/USD,176.17,2.066,-8.0,262.188,439,73.3,False,"{""sl_mode"": ""per_position"", ""momentum_hold_max"": 0, ""trend_filter_enabled"": false, ""min_step_pct"": 0.01, ""directional_enabled"": true, ""leverage"": 3.0}"
3,train,AVAX/USD,89.87,1.508,-21.64,27.869,465,68.6,False,"{""sl_mode"": ""per_position"", ""momentum_hold_max"": 0, ""trend_filter_enabled"": false, ""min_step_pct"": 0.01, ""directional_enabled"": true, ""leverage"": 3.0}"
3,train,LINK/USD,172.4,2.03,-9.5,211.274,454,72.7,False,"{""sl_mode"": ""per_position"", ""momentum_hold_max"": 0, ""trend_filter_enabled"": false, ""min_step_pct"": 0.01, ""directional_enabled"": true, ""leverage"": 3.0}"
3,train,XRP/USD,139.4,1.738,-12.02,110.067,482,69.9,False,"{""sl_mode"": ""per_position"", ""momentum_hold_max"": 0, ""trend_filter_enabled"": false, ""min_step_pct"": 0.01, ""directional_enabled"": true, ""leverage"": 3.0}"
4,train,SOL/USD,212.14,2.317,-5.76,536.716,546,81.7,False,"{""sl_mode"": ""per_position"", ""momentum_hold_max"": 0, ""trend_filter_enabled"": true, ""min_step_pct"": 0.0, ""directional_enabled"": false, ""leverage"": 3.0}"
4,train,ETH/USD,187.27,2.399,-4.73,502.083,497,81.7,False,"{""sl_mode"": ""per_position"", ""momentum_hold_max"": 0, ""trend_filter_enabled"": true, ""min_step_pct"": 0.0, ""directional_enabled"": false, ""leverage"": 3.0}"
4,train,AVAX/USD,120.49,1.768,-9.46,106.531,510,80.6,False,"{""sl_mode"": ""per_position"", ""momentum_hold_max"": 0, ""trend_filter_enabled"": true, ""min_step_pct"": 0.0, ""directional_enabled"": false, ""leverage"": 3.0}"
4,train,LINK/USD,201.98,2.605,-8.08,344.644,502,82.5,False,"{""sl_mode"": ""per_position"", ""momentum_hold_max"": 0, ""trend_filter_enabled"": true, ""min_step_pct"": 0.0, ""directional_enabled"": false, ""leverage"": 3.0}"
4,train,XRP/USD,160.49,2.035,-9.22,188.618,508,80.1,False,"{""sl_mode"": ""per_position"", ""momentum_hold_max"": 0, ""trend_filter_enabled"": true, ""min_step_pct"": 0.0, ""directional_enabled"": false, ""leverage"": 3.0}"
5,train,SOL/USD,208.79,2.294,-5.81,513.538,547,81.5,False,"{""sl_mode"": ""per_position"", ""momentum_hold_max"": 0, ""trend_filter_enabled"": true, ""min_step_pct"": 0.0, ""directional_enabled"": true, ""leverage"": 3.0}"
5,train,ETH/USD,180.96,2.358,-4.73,467.914,498,81.5,False,"{""sl_mode"": ""per_position"", ""momentum_hold_max"": 0, ""trend_filter_enabled"": true, ""min_step_pct"": 0.0, ""directional_enabled"": true, ""leverage"": 3.0}"
5,train,AVAX/USD,114.8,1.737,-9.46,97.577,511,80.4,False,"{""sl_mode"": ""per_position"", ""momentum_hold_max"": 0, ""trend_filter_enabled"": true, ""min_step_pct"": 0.0, ""directional_enabled"": true, ""leverage"": 3.0}"
5,train,LINK/USD,195.62,2.553,-8.08,322.249,503,82.3,False,"{""sl_mode"": ""per_position"", ""momentum_hold_max"": 0, ""trend_filter_enabled"": true, ""min_step_pct"": 0.0, ""directional_enabled"": true, ""leverage"": 3.0}"
5,train,XRP/USD,157.3,2.018,-9.22,181.266,509,80.0,False,"{""sl_mode"": ""per_position"", ""momentum_hold_max"": 0, ""trend_filter_enabled"": true, ""min_step_pct"": 0.0, ""directional_enabled"": true, ""leverage"": 3.0}"
6,train,SOL/USD,229.28,2.289,-6.38,572.41,461,71.8,False,"{""sl_mode"": ""per_position"", ""momentum_hold_max"": 0, ""trend_filter_enabled"": true, ""min_step_pct"": 0.01, ""directional_enabled"": false, ""leverage"": 3.0}"
6,train,ETH/USD,221.39,2.43,-8.08,418.755,404,75.7,False,"{""sl_mode"": ""per_position"", ""momentum_hold_max"": 0, ""trend_filter_enabled"": true, ""min_step_pct"": 0.01, ""directional_enabled"": false, ""leverage"": 3.0}"
6,train,AVAX/USD,124.31,1.771,-11.99,89.008,415,70.1,False,"{""sl_mode"": ""per_position"", ""momentum_hold_max"": 0, ""trend_filter_enabled"": true, ""min_step_pct"": 0.01, ""directional_enabled"": false, ""leverage"": 3.0}"
6,train,LINK/USD,222.1,2.565,-8.01,425.422,409,74.3,False,"{""sl_mode"": ""per_position"", ""momentum_hold_max"": 0, ""trend_filter_enabled"": true, ""min_step_pct"": 0.01, ""directional_enabled"": false, ""leverage"": 3.0}"
6,train,XRP/USD,184.64,2.143,-9.01,256.141,431,72.4,False,"{""sl_mode"": ""per_position"", ""momentum_hold_max"": 0, ""trend_filter_enabled"": true, ""min_step_pct"": 0.01, ""directional_enabled"": false, ""leverage"": 3.0}"
7,train,SOL/USD,225.49,2.267,-6.38,552.085,462,71.6,False,"{""sl_mode"": ""per_position"", ""momentum_hold_max"": 0, ""trend_filter_enabled"": true, ""min_step_pct"": 0.01, ""directional_enabled"": true, ""leverage"": 3.0}"
7,train,ETH/USD,214.19,2.389,-8.08,390.059,405,75.6,False,"{""sl_mode"": ""per_position"", ""momentum_hold_max"": 0, ""trend_filter_enabled"": true, ""min_step_pct"": 0.01, ""directional_enabled"": true, ""leverage"": 3.0}"
7,train,AVAX/USD,118.24,1.74,-11.97,81.387,416,70.0,False,"{""sl_mode"": ""per_position"", ""momentum_hold_max"": 0, ""trend_filter_enabled"": true, ""min_step_pct"": 0.01, ""directional_enabled"": true, ""leverage"": 3.0}"
7,train,LINK/USD,215.44,2.516,-8.01,398.466,410,74.1,False,"{""sl_mode"": ""per_position"", ""momentum_hold_max"": 0, ""trend_filter_enabled"": true, ""min_step_pct"": 0.01, ""directional_enabled"": true, ""leverage"": 3.0}"
7,train,XRP/USD,181.17,2.125,-9.01,246.343,432,72.2,False,"{""sl_mode"": ""per_position"", ""momentum_hold_max"": 0, ""trend_filter_enabled"": true, ""min_step_pct"": 0.01, ""directional_enabled"": true, ""leverage"": 3.0}"
8,train,SOL/USD,159.49,1.858,-8.73,196.883,584,80.3,False,"{""sl_mode"": ""per_position"", ""momentum_hold_max"": 2, ""trend_filter_enabled"": false, ""min_step_pct"": 0.0, ""directional_enabled"": false, ""leverage"": 3.0}"
8,train,ETH/USD,137.13,1.926,-6.9,185.799,531,80.2,False,"{""sl_mode"": ""per_position"", ""momentum_hold_max"": 2, ""trend_filter_enabled"": false, ""min_step_pct"": 0.0, ""directional_enabled"": false, ""leverage"": 3.0}"
8,train,AVAX/USD,90.29,1.539,-12.87,47.216,558,78.7,False,"{""sl_mode"": ""per_position"", ""momentum_hold_max"": 2, ""trend_filter_enabled"": false, ""min_step_pct"": 0.0, ""directional_enabled"": false, ""leverage"": 3.0}"
8,train,LINK/USD,150.14,1.993,-8.47,180.213,542,80.6,False,"{""sl_mode"": ""per_position"", ""momentum_hold_max"": 2, ""trend_filter_enabled"": false, ""min_step_pct"": 0.0, ""directional_enabled"": false, ""leverage"": 3.0}"
8,train,XRP/USD,114.44,1.637,-11.9,77.139,555,77.8,False,"{""sl_mode"": ""per_position"", ""momentum_hold_max"": 2, ""trend_filter_enabled"": false, ""min_step_pct"": 0.0, ""directional_enabled"": false, ""leverage"": 3.0}"
9,train,SOL/USD,156.41,1.845,-8.73,189.44,585,80.2,False,"{""sl_mode"": ""per_position"", ""momentum_hold_max"": 2, ""trend_filter_enabled"": false, ""min_step_pct"": 0.0, ""directional_enabled"": true, ""leverage"": 3.0}"
9,train,ETH/USD,132.62,1.899,-8.91,135.068,532,80.1,False,"{""sl_mode"": ""per_position"", ""momentum_hold_max"": 2, ""trend_filter_enabled"": false, ""min_step_pct"": 0.0, ""directional_enabled"": true, ""leverage"": 3.0}"
9,train,AVAX/USD,85.7,1.516,-12.87,43.284,559,78.5,False,"{""sl_mode"": ""per_position"", ""momentum_hold_max"": 2, ""trend_filter_enabled"": false, ""min_step_pct"": 0.0, ""directional_enabled"": true, ""leverage"": 3.0}"
9,train,LINK/USD,143.53,1.954,-8.47,165.204,542,80.6,False,"{""sl_mode"": ""per_position"", ""momentum_hold_max"": 2, ""trend_filter_enabled"": false, ""min_step_pct"": 0.0, ""directional_enabled"": true, ""leverage"": 3.0}"
9,train,XRP/USD,111.24,1.622,-11.9,73.317,557,77.7,False,"{""sl_mode"": ""per_position"", ""momentum_hold_max"": 2, ""trend_filter_enabled"": false, ""min_step_pct"": 0.0, ""directional_enabled"": true, ""leverage"": 3.0}"
10,train,SOL/USD,174.73,1.885,-10.97,187.98,491,70.5,False,"{""sl_mode"": ""per_position"", ""momentum_hold_max"": 2, ""trend_filter_enabled"": false, ""min_step_pct"": 0.01, ""directional_enabled"": false, ""leverage"": 3.0}"
10,train,ETH/USD,178.33,2.062,-7.98,269.485,436,74.1,False,"{""sl_mode"": ""per_position"", ""momentum_hold_max"": 2, ""trend_filter_enabled"": false, ""min_step_pct"": 0.01, ""directional_enabled"": false, ""leverage"": 3.0}"
10,train,AVAX/USD,89.25,1.492,-22.11,26.963,462,69.3,False,"{""sl_mode"": ""per_position"", ""momentum_hold_max"": 2, ""trend_filter_enabled"": false, ""min_step_pct"": 0.01, ""directional_enabled"": false, ""leverage"": 3.0}"
10,train,LINK/USD,179.18,2.057,-9.94,218.402,453,73.1,False,"{""sl_mode"": ""per_position"", ""momentum_hold_max"": 2, ""trend_filter_enabled"": false, ""min_step_pct"": 0.01, ""directional_enabled"": false, ""leverage"": 3.0}"
10,train,XRP/USD,136.14,1.698,-12.06,104.869,481,70.5,False,"{""sl_mode"": ""per_position"", ""momentum_hold_max"": 2, ""trend_filter_enabled"": false, ""min_step_pct"": 0.01, ""directional_enabled"": false, ""leverage"": 3.0}"
11,train,SOL/USD,171.49,1.872,-10.97,181.002,492,70.3,False,"{""sl_mode"": ""per_position"", ""momentum_hold_max"": 2, ""trend_filter_enabled"": false, ""min_step_pct"": 0.01, ""directional_enabled"": true, ""leverage"": 3.0}"
11,train,ETH/USD,172.93,2.037,-7.98,253.153,437,73.9,False,"{""sl_mode"": ""per_position"", ""momentum_hold_max"": 2, ""trend_filter_enabled"": false, ""min_step_pct"": 0.01, ""directional_enabled"": true, ""leverage"": 3.0}"
11,train,AVAX/USD,84.65,1.471,-22.11,24.688,463,69.1,False,"{""sl_mode"": ""per_position"", ""momentum_hold_max"": 2, ""trend_filter_enabled"": false, ""min_step_pct"": 0.01, ""directional_enabled"": true, ""leverage"": 3.0}"
11,train,LINK/USD,171.62,2.019,-9.94,200.106,454,72.9,False,"{""sl_mode"": ""per_position"", ""momentum_hold_max"": 2, ""trend_filter_enabled"": false, ""min_step_pct"": 0.01, ""directional_enabled"": true, ""leverage"": 3.0}"
11,train,XRP/USD,132.42,1.682,-12.06,99.534,482,70.3,False,"{""sl_mode"": ""per_position"", ""momentum_hold_max"": 2, ""trend_filter_enabled"": false, ""min_step_pct"": 0.01, ""directional_enabled"": true, ""leverage"": 3.0}"
12,train,SOL/USD,206.62,2.255,-5.85,498.953,544,82.7,False,"{""sl_mode"": ""per_position"", ""momentum_hold_max"": 2, ""trend_filter_enabled"": true, ""min_step_pct"": 0.0, ""directional_enabled"": false, ""leverage"": 3.0}"
12,train,ETH/USD,180.74,2.309,-5.32,415.49,494,82.4,False,"{""sl_mode"": ""per_position"", ""momentum_hold_max"": 2, ""trend_filter_enabled"": true, ""min_step_pct"": 0.0, ""directional_enabled"": false, ""leverage"": 3.0}"
12,train,AVAX/USD,113.6,1.719,-9.51,95.304,510,81.6,False,"{""sl_mode"": ""per_position"", ""momentum_hold_max"": 2, ""trend_filter_enabled"": true, ""min_step_pct"": 0.0, ""directional_enabled"": false, ""leverage"": 3.0}"
12,train,LINK/USD,197.33,2.52,-8.11,326.943,498,83.7,False,"{""sl_mode"": ""per_position"", ""momentum_hold_max"": 2, ""trend_filter_enabled"": true, ""min_step_pct"": 0.0, ""directional_enabled"": false, ""leverage"": 3.0}"
12,train,XRP/USD,152.31,1.946,-9.96,157.534,507,81.3,False,"{""sl_mode"": ""per_position"", ""momentum_hold_max"": 2, ""trend_filter_enabled"": true, ""min_step_pct"": 0.0, ""directional_enabled"": false, ""leverage"": 3.0}"
13,train,SOL/USD,202.58,2.232,-5.93,472.653,545,82.6,False,"{""sl_mode"": ""per_position"", ""momentum_hold_max"": 2, ""trend_filter_enabled"": true, ""min_step_pct"": 0.0, ""directional_enabled"": true, ""leverage"": 3.0}"
13,train,ETH/USD,174.58,2.27,-5.32,387.13,495,82.2,False,"{""sl_mode"": ""per_position"", ""momentum_hold_max"": 2, ""trend_filter_enabled"": true, ""min_step_pct"": 0.0, ""directional_enabled"": true, ""leverage"": 3.0}"
13,train,AVAX/USD,108.1,1.689,-9.51,87.22,511,81.4,False,"{""sl_mode"": ""per_position"", ""momentum_hold_max"": 2, ""trend_filter_enabled"": true, ""min_step_pct"": 0.0, ""directional_enabled"": true, ""leverage"": 3.0}"
13,train,LINK/USD,191.11,2.474,-8.11,305.832,499,83.6,False,"{""sl_mode"": ""per_position"", ""momentum_hold_max"": 2, ""trend_filter_enabled"": true, ""min_step_pct"": 0.0, ""directional_enabled"": true, ""leverage"": 3.0}"
13,train,XRP/USD,149.21,1.931,-9.96,151.361,508,81.1,False,"{""sl_mode"": ""per_position"", ""momentum_hold_max"": 2, ""trend_filter_enabled"": true, ""min_step_pct"": 0.0, ""directional_enabled"": true, ""leverage"": 3.0}"
14,train,SOL/USD,232.09,2.308,-6.38,587.815,459,72.8,False,"{""sl_mode"": ""per_position"", ""momentum_hold_max"": 2, ""trend_filter_enabled"": true, ""min_step_pct"": 0.01, ""directional_enabled"": false, ""leverage"": 3.0}"
14,train,ETH/USD,217.57,2.385,-8.06,404.442,402,76.4,False,"{""sl_mode"": ""per_position"", ""momentum_hold_max"": 2, ""trend_filter_enabled"": true, ""min_step_pct"": 0.01, ""directional_enabled"": false, ""leverage"": 3.0}"
14,train,AVAX/USD,117.8,1.718,-12.39,78.073,413,70.7,False,"{""sl_mode"": ""per_position"", ""momentum_hold_max"": 2, ""trend_filter_enabled"": true, ""min_step_pct"": 0.01, ""directional_enabled"": false, ""leverage"": 3.0}"
14,train,LINK/USD,221.1,2.543,-8.45,399.579,409,74.6,False,"{""sl_mode"": ""per_position"", ""momentum_hold_max"": 2, ""trend_filter_enabled"": true, ""min_step_pct"": 0.01, ""directional_enabled"": false, ""leverage"": 3.0}"
14,train,XRP/USD,177.55,2.064,-10.39,205.09,431,72.9,False,"{""sl_mode"": ""per_position"", ""momentum_hold_max"": 2, ""trend_filter_enabled"": true, ""min_step_pct"": 0.01, ""directional_enabled"": false, ""leverage"": 3.0}"
15,train,SOL/USD,228.26,2.285,-6.38,566.893,460,72.6,False,"{""sl_mode"": ""per_position"", ""momentum_hold_max"": 2, ""trend_filter_enabled"": true, ""min_step_pct"": 0.01, ""directional_enabled"": true, ""leverage"": 3.0}"
15,train,ETH/USD,210.46,2.345,-8.06,376.691,403,76.2,False,"{""sl_mode"": ""per_position"", ""momentum_hold_max"": 2, ""trend_filter_enabled"": true, ""min_step_pct"": 0.01, ""directional_enabled"": true, ""leverage"": 3.0}"
15,train,AVAX/USD,112.42,1.689,-12.45,71.386,414,70.5,False,"{""sl_mode"": ""per_position"", ""momentum_hold_max"": 2, ""trend_filter_enabled"": true, ""min_step_pct"": 0.01, ""directional_enabled"": true, ""leverage"": 3.0}"
15,train,LINK/USD,214.44,2.495,-8.45,374.167,410,74.4,False,"{""sl_mode"": ""per_position"", ""momentum_hold_max"": 2, ""trend_filter_enabled"": true, ""min_step_pct"": 0.01, ""directional_enabled"": true, ""leverage"": 3.0}"
15,train,XRP/USD,174.16,2.048,-10.39,197.216,432,72.7,False,"{""sl_mode"": ""per_position"", ""momentum_hold_max"": 2, ""trend_filter_enabled"": true, ""min_step_pct"": 0.01, ""directional_enabled"": true, ""leverage"": 3.0}"
16,train,SOL/USD,94.22,1.419,-27.06,24.137,592,96.3,False,"{""sl_mode"": ""floor"", ""floor_sl_atr_mult"": 1.0, ""momentum_hold_max"": 0, ""trend_filter_enabled"": false, ""min_step_pct"": 0.0, ""directional_enabled"": false, ""leverage"": 3.0}"
16,train,ETH/USD,159.87,1.946,-16.02,107.77,538,95.7,False,"{""sl_mode"": ""floor"", ""floor_sl_atr_mult"": 1.0, ""momentum_hold_max"": 0, ""trend_filter_enabled"": false, ""min_step_pct"": 0.0, ""directional_enabled"": false, ""leverage"": 3.0}"
16,train,AVAX/USD,147.88,1.857,-40.89,36.242,584,96.4,False,"{""sl_mode"": ""floor"", ""floor_sl_atr_mult"": 1.0, ""momentum_hold_max"": 0, ""trend_filter_enabled"": false, ""min_step_pct"": 0.0, ""directional_enabled"": false, ""leverage"": 3.0}"
16,train,LINK/USD,124.31,1.685,-25.58,41.717,553,96.7,False,"{""sl_mode"": ""floor"", ""floor_sl_atr_mult"": 1.0, ""momentum_hold_max"": 0, ""trend_filter_enabled"": false, ""min_step_pct"": 0.0, ""directional_enabled"": false, ""leverage"": 3.0}"
16,train,XRP/USD,76.66,1.338,-30.66,15.154,553,94.9,False,"{""sl_mode"": ""floor"", ""floor_sl_atr_mult"": 1.0, ""momentum_hold_max"": 0, ""trend_filter_enabled"": false, ""min_step_pct"": 0.0, ""directional_enabled"": false, ""leverage"": 3.0}"
17,train,SOL/USD,-13.31,0.057,-13.36,-2.636,8,75.0,True,"{""sl_mode"": ""floor"", ""floor_sl_atr_mult"": 1.0, ""momentum_hold_max"": 0, ""trend_filter_enabled"": false, ""min_step_pct"": 0.0, ""directional_enabled"": true, ""leverage"": 3.0}"
17,train,ETH/USD,154.93,1.923,-16.02,101.31,539,95.5,False,"{""sl_mode"": ""floor"", ""floor_sl_atr_mult"": 1.0, ""momentum_hold_max"": 0, ""trend_filter_enabled"": false, ""min_step_pct"": 0.0, ""directional_enabled"": true, ""leverage"": 3.0}"
17,train,AVAX/USD,141.9,1.83,-40.89,33.471,585,96.2,False,"{""sl_mode"": ""floor"", ""floor_sl_atr_mult"": 1.0, ""momentum_hold_max"": 0, ""trend_filter_enabled"": false, ""min_step_pct"": 0.0, ""directional_enabled"": true, ""leverage"": 3.0}"
17,train,LINK/USD,118.62,1.66,-25.54,38.345,554,96.6,False,"{""sl_mode"": ""floor"", ""floor_sl_atr_mult"": 1.0, ""momentum_hold_max"": 0, ""trend_filter_enabled"": false, ""min_step_pct"": 0.0, ""directional_enabled"": true, ""leverage"": 3.0}"
17,train,XRP/USD,74.02,1.328,-30.66,14.328,554,94.8,False,"{""sl_mode"": ""floor"", ""floor_sl_atr_mult"": 1.0, ""momentum_hold_max"": 0, ""trend_filter_enabled"": false, ""min_step_pct"": 0.0, ""directional_enabled"": true, ""leverage"": 3.0}"
18,train,SOL/USD,-12.98,0.081,-13.72,-2.514,7,71.4,True,"{""sl_mode"": ""floor"", ""floor_sl_atr_mult"": 1.0, ""momentum_hold_max"": 0, ""trend_filter_enabled"": false, ""min_step_pct"": 0.01, ""directional_enabled"": false, ""leverage"": 3.0}"
18,train,ETH/USD,182.42,2.004,-15.62,144.161,424,84.7,False,"{""sl_mode"": ""floor"", ""floor_sl_atr_mult"": 1.0, ""momentum_hold_max"": 0, ""trend_filter_enabled"": false, ""min_step_pct"": 0.01, ""directional_enabled"": false, ""leverage"": 3.0}"
18,train,AVAX/USD,187.71,2.169,-44.12,54.145,475,85.7,False,"{""sl_mode"": ""floor"", ""floor_sl_atr_mult"": 1.0, ""momentum_hold_max"": 0, ""trend_filter_enabled"": false, ""min_step_pct"": 0.01, ""directional_enabled"": false, ""leverage"": 3.0}"
18,train,LINK/USD,187.97,2.026,-18.88,126.918,450,84.7,False,"{""sl_mode"": ""floor"", ""floor_sl_atr_mult"": 1.0, ""momentum_hold_max"": 0, ""trend_filter_enabled"": false, ""min_step_pct"": 0.01, ""directional_enabled"": false, ""leverage"": 3.0}"
18,train,XRP/USD,68.38,1.27,-34.95,11.097,461,82.6,False,"{""sl_mode"": ""floor"", ""floor_sl_atr_mult"": 1.0, ""momentum_hold_max"": 0, ""trend_filter_enabled"": false, ""min_step_pct"": 0.01, ""directional_enabled"": false, ""leverage"": 3.0}"
19,train,SOL/USD,-14.26,0.075,-14.26,-2.621,8,62.5,True,"{""sl_mode"": ""floor"", ""floor_sl_atr_mult"": 1.0, ""momentum_hold_max"": 0, ""trend_filter_enabled"": false, ""min_step_pct"": 0.01, ""directional_enabled"": true, ""leverage"": 3.0}"
19,train,ETH/USD,176.96,1.982,-15.62,135.475,425,84.5,False,"{""sl_mode"": ""floor"", ""floor_sl_atr_mult"": 1.0, ""momentum_hold_max"": 0, ""trend_filter_enabled"": false, ""min_step_pct"": 0.01, ""directional_enabled"": true, ""leverage"": 3.0}"
19,train,AVAX/USD,180.73,2.134,-44.12,50.08,476,85.5,False,"{""sl_mode"": ""floor"", ""floor_sl_atr_mult"": 1.0, ""momentum_hold_max"": 0, ""trend_filter_enabled"": false, ""min_step_pct"": 0.01, ""directional_enabled"": true, ""leverage"": 3.0}"
19,train,LINK/USD,180.36,1.993,-18.88,116.578,451,84.5,False,"{""sl_mode"": ""floor"", ""floor_sl_atr_mult"": 1.0, ""momentum_hold_max"": 0, ""trend_filter_enabled"": false, ""min_step_pct"": 0.01, ""directional_enabled"": true, ""leverage"": 3.0}"
19,train,XRP/USD,65.74,1.262,-34.95,10.443,462,82.5,False,"{""sl_mode"": ""floor"", ""floor_sl_atr_mult"": 1.0, ""momentum_hold_max"": 0, ""trend_filter_enabled"": false, ""min_step_pct"": 0.01, ""directional_enabled"": true, ""leverage"": 3.0}"
20,train,SOL/USD,171.24,1.842,-15.11,131.024,549,97.3,False,"{""sl_mode"": ""floor"", ""floor_sl_atr_mult"": 1.0, ""momentum_hold_max"": 0, ""trend_filter_enabled"": true, ""min_step_pct"": 0.0, ""directional_enabled"": false, ""leverage"": 3.0}"
20,train,ETH/USD,188.62,2.183,-12.14,198.815,489,96.1,False,"{""sl_mode"": ""floor"", ""floor_sl_atr_mult"": 1.0, ""momentum_hold_max"": 0, ""trend_filter_enabled"": true, ""min_step_pct"": 0.0, ""directional_enabled"": false, ""leverage"": 3.0}"
20,train,AVAX/USD,186.77,2.282,-25.46,92.848,528,97.0,False,"{""sl_mode"": ""floor"", ""floor_sl_atr_mult"": 1.0, ""momentum_hold_max"": 0, ""trend_filter_enabled"": true, ""min_step_pct"": 0.0, ""directional_enabled"": false, ""leverage"": 3.0}"
20,train,LINK/USD,155.04,1.939,-21.47,75.668,508,97.0,False,"{""sl_mode"": ""floor"", ""floor_sl_atr_mult"": 1.0, ""momentum_hold_max"": 0, ""trend_filter_enabled"": true, ""min_step_pct"": 0.0, ""directional_enabled"": false, ""leverage"": 3.0}"
20,train,XRP/USD,141.43,1.714,-25.72,52.884,507,96.1,False,"{""sl_mode"": ""floor"", ""floor_sl_atr_mult"": 1.0, ""momentum_hold_max"": 0, ""trend_filter_enabled"": true, ""min_step_pct"": 0.0, ""directional_enabled"": false, ""leverage"": 3.0}"
21,train,SOL/USD,167.87,1.829,-15.11,125.894,550,97.1,False,"{""sl_mode"": ""floor"", ""floor_sl_atr_mult"": 1.0, ""momentum_hold_max"": 0, ""trend_filter_enabled"": true, ""min_step_pct"": 0.0, ""directional_enabled"": true, ""leverage"": 3.0}"
21,train,ETH/USD,182.13,2.152,-12.14,184.971,490,95.9,False,"{""sl_mode"": ""floor"", ""floor_sl_atr_mult"": 1.0, ""momentum_hold_max"": 0, ""trend_filter_enabled"": true, ""min_step_pct"": 0.0, ""directional_enabled"": true, ""leverage"": 3.0}"
21,train,AVAX/USD,179.41,2.239,-25.46,85.491,529,96.8,False,"{""sl_mode"": ""floor"", ""floor_sl_atr_mult"": 1.0, ""momentum_hold_max"": 0, ""trend_filter_enabled"": true, ""min_step_pct"": 0.0, ""directional_enabled"": true, ""leverage"": 3.0}"
21,train,LINK/USD,149.47,1.913,-21.41,70.667,509,96.9,False,"{""sl_mode"": ""floor"", ""floor_sl_atr_mult"": 1.0, ""momentum_hold_max"": 0, ""trend_filter_enabled"": true, ""min_step_pct"": 0.0, ""directional_enabled"": true, ""leverage"": 3.0}"
21,train,XRP/USD,138.45,1.703,-25.72,50.78,508,95.9,False,"{""sl_mode"": ""floor"", ""floor_sl_atr_mult"": 1.0, ""momentum_hold_max"": 0, ""trend_filter_enabled"": true, ""min_step_pct"": 0.0, ""directional_enabled"": true, ""leverage"": 3.0}"
22,train,SOL/USD,246.02,2.381,-15.48,275.293,455,84.4,False,"{""sl_mode"": ""floor"", ""floor_sl_atr_mult"": 1.0, ""momentum_hold_max"": 0, ""trend_filter_enabled"": true, ""min_step_pct"": 0.01, ""directional_enabled"": false, ""leverage"": 3.0}"
22,train,ETH/USD,208.44,2.219,-13.47,220.818,393,85.2,False,"{""sl_mode"": ""floor"", ""floor_sl_atr_mult"": 1.0, ""momentum_hold_max"": 0, ""trend_filter_enabled"": true, ""min_step_pct"": 0.01, ""directional_enabled"": false, ""leverage"": 3.0}"
22,train,AVAX/USD,235.13,2.844,-21.42,180.126,423,85.3,False,"{""sl_mode"": ""floor"", ""floor_sl_atr_mult"": 1.0, ""momentum_hold_max"": 0, ""trend_filter_enabled"": true, ""min_step_pct"": 0.01, ""directional_enabled"": false, ""leverage"": 3.0}"
22,train,LINK/USD,213.51,2.281,-17.63,177.582,406,83.7,False,"{""sl_mode"": ""floor"", ""floor_sl_atr_mult"": 1.0, ""momentum_hold_max"": 0, ""trend_filter_enabled"": true, ""min_step_pct"": 0.01, ""directional_enabled"": false, ""leverage"": 3.0}"
22,train,XRP/USD,126.42,1.591,-26.52,41.508,417,82.0,False,"{""sl_mode"": ""floor"", ""floor_sl_atr_mult"": 1.0, ""momentum_hold_max"": 0, ""trend_filter_enabled"": true, ""min_step_pct"": 0.01, ""directional_enabled"": false, ""leverage"": 3.0}"
23,train,SOL/USD,241.94,2.359,-15.68,261.942,456,84.2,False,"{""sl_mode"": ""floor"", ""floor_sl_atr_mult"": 1.0, ""momentum_hold_max"": 0, ""trend_filter_enabled"": true, ""min_step_pct"": 0.01, ""directional_enabled"": true, ""leverage"": 3.0}"
23,train,ETH/USD,201.26,2.184,-13.51,204.477,394,85.0,False,"{""sl_mode"": ""floor"", ""floor_sl_atr_mult"": 1.0, ""momentum_hold_max"": 0, ""trend_filter_enabled"": true, ""min_step_pct"": 0.01, ""directional_enabled"": true, ""leverage"": 3.0}"
23,train,AVAX/USD,226.86,2.782,-21.42,166.588,424,85.1,False,"{""sl_mode"": ""floor"", ""floor_sl_atr_mult"": 1.0, ""momentum_hold_max"": 0, ""trend_filter_enabled"": true, ""min_step_pct"": 0.01, ""directional_enabled"": true, ""leverage"": 3.0}"
23,train,LINK/USD,207.12,2.245,-17.63,166.456,407,83.5,False,"{""sl_mode"": ""floor"", ""floor_sl_atr_mult"": 1.0, ""momentum_hold_max"": 0, ""trend_filter_enabled"": true, ""min_step_pct"": 0.01, ""directional_enabled"": true, ""leverage"": 3.0}"
23,train,XRP/USD,123.63,1.581,-26.52,39.834,418,81.8,False,"{""sl_mode"": ""floor"", ""floor_sl_atr_mult"": 1.0, ""momentum_hold_max"": 0, ""trend_filter_enabled"": true, ""min_step_pct"": 0.01, ""directional_enabled"": true, ""leverage"": 3.0}"
24,train,SOL/USD,94.22,1.419,-27.06,24.137,592,96.3,False,"{""sl_mode"": ""floor"", ""floor_sl_atr_mult"": 1.0, ""momentum_hold_max"": 2, ""trend_filter_enabled"": false, ""min_step_pct"": 0.0, ""directional_enabled"": false, ""leverage"": 3.0}"
24,train,ETH/USD,159.87,1.946,-16.02,107.77,538,95.7,False,"{""sl_mode"": ""floor"", ""floor_sl_atr_mult"": 1.0, ""momentum_hold_max"": 2, ""trend_filter_enabled"": false, ""min_step_pct"": 0.0, ""directional_enabled"": false, ""leverage"": 3.0}"
24,train,AVAX/USD,147.88,1.857,-40.89,36.242,584,96.4,False,"{""sl_mode"": ""floor"", ""floor_sl_atr_mult"": 1.0, ""momentum_hold_max"": 2, ""trend_filter_enabled"": false, ""min_step_pct"": 0.0, ""directional_enabled"": false, ""leverage"": 3.0}"
24,train,LINK/USD,124.21,1.685,-25.58,41.656,553,96.7,False,"{""sl_mode"": ""floor"", ""floor_sl_atr_mult"": 1.0, ""momentum_hold_max"": 2, ""trend_filter_enabled"": false, ""min_step_pct"": 0.0, ""directional_enabled"": false, ""leverage"": 3.0}"
24,train,XRP/USD,72.75,1.317,-30.66,13.941,553,94.9,False,"{""sl_mode"": ""floor"", ""floor_sl_atr_mult"": 1.0, ""momentum_hold_max"": 2, ""trend_filter_enabled"": false, ""min_step_pct"": 0.0, ""directional_enabled"": false, ""leverage"": 3.0}"
25,train,SOL/USD,-13.31,0.057,-13.36,-2.636,8,75.0,True,"{""sl_mode"": ""floor"", ""floor_sl_atr_mult"": 1.0, ""momentum_hold_max"": 2, ""trend_filter_enabled"": false, ""min_step_pct"": 0.0, ""directional_enabled"": true, ""leverage"": 3.0}"
25,train,ETH/USD,154.93,1.923,-16.02,101.31,539,95.5,False,"{""sl_mode"": ""floor"", ""floor_sl_atr_mult"": 1.0, ""momentum_hold_max"": 2, ""trend_filter_enabled"": false, ""min_step_pct"": 0.0, ""directional_enabled"": true, ""leverage"": 3.0}"
25,train,AVAX/USD,141.9,1.83,-40.89,33.471,585,96.2,False,"{""sl_mode"": ""floor"", ""floor_sl_atr_mult"": 1.0, ""momentum_hold_max"": 2, ""trend_filter_enabled"": false, ""min_step_pct"": 0.0, ""directional_enabled"": true, ""leverage"": 3.0}"
25,train,LINK/USD,118.52,1.66,-25.54,38.287,554,96.6,False,"{""sl_mode"": ""floor"", ""floor_sl_atr_mult"": 1.0, ""momentum_hold_max"": 2, ""trend_filter_enabled"": false, ""min_step_pct"": 0.0, ""directional_enabled"": true, ""leverage"": 3.0}"
25,train,XRP/USD,70.16,1.308,-30.66,13.17,554,94.8,False,"{""sl_mode"": ""floor"", ""floor_sl_atr_mult"": 1.0, ""momentum_hold_max"": 2, ""trend_filter_enabled"": false, ""min_step_pct"": 0.0, ""directional_enabled"": true, ""leverage"": 3.0}"
26,train,SOL/USD,-12.98,0.081,-13.72,-2.514,7,71.4,True,"{""sl_mode"": ""floor"", ""floor_sl_atr_mult"": 1.0, ""momentum_hold_max"": 2, ""trend_filter_enabled"": false, ""min_step_pct"": 0.01, ""directional_enabled"": false, ""leverage"": 3.0}"
26,train,ETH/USD,182.42,2.004,-15.62,144.161,424,84.7,False,"{""sl_mode"": ""floor"", ""floor_sl_atr_mult"": 1.0, ""momentum_hold_max"": 2, ""trend_filter_enabled"": false, ""min_step_pct"": 0.01, ""directional_enabled"": false, ""leverage"": 3.0}"
26,train,AVAX/USD,186.46,2.157,-44.59,52.843,475,85.7,False,"{""sl_mode"": ""floor"", ""floor_sl_atr_mult"": 1.0, ""momentum_hold_max"": 2, ""trend_filter_enabled"": false, ""min_step_pct"": 0.01, ""directional_enabled"": false, ""leverage"": 3.0}"
26,train,LINK/USD,187.97,2.026,-18.88,126.918,450,84.7,False,"{""sl_mode"": ""floor"", ""floor_sl_atr_mult"": 1.0, ""momentum_hold_max"": 2, ""trend_filter_enabled"": false, ""min_step_pct"": 0.01, ""directional_enabled"": false, ""leverage"": 3.0}"
26,train,XRP/USD,65.53,1.258,-34.95,10.391,461,82.6,False,"{""sl_mode"": ""floor"", ""floor_sl_atr_mult"": 1.0, ""momentum_hold_max"": 2, ""trend_filter_enabled"": false, ""min_step_pct"": 0.01, ""directional_enabled"": false, ""leverage"": 3.0}"
27,train,SOL/USD,-14.26,0.075,-14.26,-2.621,8,62.5,True,"{""sl_mode"": ""floor"", ""floor_sl_atr_mult"": 1.0, ""momentum_hold_max"": 2, ""trend_filter_enabled"": false, ""min_step_pct"": 0.01, ""directional_enabled"": true, ""leverage"": 3.0}"
27,train,ETH/USD,176.96,1.982,-15.62,135.475,425,84.5,False,"{""sl_mode"": ""floor"", ""floor_sl_atr_mult"": 1.0, ""momentum_hold_max"": 2, ""trend_filter_enabled"": false, ""min_step_pct"": 0.01, ""directional_enabled"": true, ""leverage"": 3.0}"
27,train,AVAX/USD,179.51,2.123,-44.59,48.874,476,85.5,False,"{""sl_mode"": ""floor"", ""floor_sl_atr_mult"": 1.0, ""momentum_hold_max"": 2, ""trend_filter_enabled"": false, ""min_step_pct"": 0.01, ""directional_enabled"": true, ""leverage"": 3.0}"
27,train,LINK/USD,180.36,1.993,-18.88,116.578,451,84.5,False,"{""sl_mode"": ""floor"", ""floor_sl_atr_mult"": 1.0, ""momentum_hold_max"": 2, ""trend_filter_enabled"": false, ""min_step_pct"": 0.01, ""directional_enabled"": true, ""leverage"": 3.0}"
27,train,XRP/USD,62.41,1.249,-34.95,9.645,462,82.5,False,"{""sl_mode"": ""floor"", ""floor_sl_atr_mult"": 1.0, ""momentum_hold_max"": 2, ""trend_filter_enabled"": false, ""min_step_pct"": 0.01, ""directional_enabled"": true, ""leverage"": 3.0}"
28,train,SOL/USD,171.24,1.842,-15.11,131.024,549,97.3,False,"{""sl_mode"": ""floor"", ""floor_sl_atr_mult"": 1.0, ""momentum_hold_max"": 2, ""trend_filter_enabled"": true, ""min_step_pct"": 0.0, ""directional_enabled"": false, ""leverage"": 3.0}"
28,train,ETH/USD,188.62,2.183,-12.14,198.815,489,96.1,False,"{""sl_mode"": ""floor"", ""floor_sl_atr_mult"": 1.0, ""momentum_hold_max"": 2, ""trend_filter_enabled"": true, ""min_step_pct"": 0.0, ""directional_enabled"": false, ""leverage"": 3.0}"
28,train,AVAX/USD,186.77,2.282,-25.46,92.848,528,97.0,False,"{""sl_mode"": ""floor"", ""floor_sl_atr_mult"": 1.0, ""momentum_hold_max"": 2, ""trend_filter_enabled"": true, ""min_step_pct"": 0.0, ""directional_enabled"": false, ""leverage"": 3.0}"
28,train,LINK/USD,154.92,1.939,-21.47,75.559,508,97.0,False,"{""sl_mode"": ""floor"", ""floor_sl_atr_mult"": 1.0, ""momentum_hold_max"": 2, ""trend_filter_enabled"": true, ""min_step_pct"": 0.0, ""directional_enabled"": false, ""leverage"": 3.0}"
28,train,XRP/USD,136.11,1.675,-25.72,49.162,507,96.1,False,"{""sl_mode"": ""floor"", ""floor_sl_atr_mult"": 1.0, ""momentum_hold_max"": 2, ""trend_filter_enabled"": true, ""min_step_pct"": 0.0, ""directional_enabled"": false, ""leverage"": 3.0}"
29,train,SOL/USD,167.87,1.829,-15.11,125.894,550,97.1,False,"{""sl_mode"": ""floor"", ""floor_sl_atr_mult"": 1.0, ""momentum_hold_max"": 2, ""trend_filter_enabled"": true, ""min_step_pct"": 0.0, ""directional_enabled"": true, ""leverage"": 3.0}"
29,train,ETH/USD,182.13,2.152,-12.14,184.971,490,95.9,False,"{""sl_mode"": ""floor"", ""floor_sl_atr_mult"": 1.0, ""momentum_hold_max"": 2, ""trend_filter_enabled"": true, ""min_step_pct"": 0.0, ""directional_enabled"": true, ""leverage"": 3.0}"
29,train,AVAX/USD,179.41,2.239,-25.46,85.491,529,96.8,False,"{""sl_mode"": ""floor"", ""floor_sl_atr_mult"": 1.0, ""momentum_hold_max"": 2, ""trend_filter_enabled"": true, ""min_step_pct"": 0.0, ""directional_enabled"": true, ""leverage"": 3.0}"
29,train,LINK/USD,149.36,1.912,-21.41,70.564,509,96.9,False,"{""sl_mode"": ""floor"", ""floor_sl_atr_mult"": 1.0, ""momentum_hold_max"": 2, ""trend_filter_enabled"": true, ""min_step_pct"": 0.0, ""directional_enabled"": true, ""leverage"": 3.0}"
29,train,XRP/USD,133.2,1.664,-25.72,47.196,508,95.9,False,"{""sl_mode"": ""floor"", ""floor_sl_atr_mult"": 1.0, ""momentum_hold_max"": 2, ""trend_filter_enabled"": true, ""min_step_pct"": 0.0, ""directional_enabled"": true, ""leverage"": 3.0}"
30,train,SOL/USD,245.62,2.376,-15.48,274.322,454,84.6,False,"{""sl_mode"": ""floor"", ""floor_sl_atr_mult"": 1.0, ""momentum_hold_max"": 2, ""trend_filter_enabled"": true, ""min_step_pct"": 0.01, ""directional_enabled"": false, ""leverage"": 3.0}"
30,train,ETH/USD,208.44,2.219,-13.47,220.818,393,85.2,False,"{""sl_mode"": ""floor"", ""floor_sl_atr_mult"": 1.0, ""momentum_hold_max"": 2, ""trend_filter_enabled"": true, ""min_step_pct"": 0.01, ""directional_enabled"": false, ""leverage"": 3.0}"
30,train,AVAX/USD,233.9,2.828,-21.88,174.304,423,85.3,False,"{""sl_mode"": ""floor"", ""floor_sl_atr_mult"": 1.0, ""momentum_hold_max"": 2, ""trend_filter_enabled"": true, ""min_step_pct"": 0.01, ""directional_enabled"": false, ""leverage"": 3.0}"
30,train,LINK/USD,213.51,2.281,-17.63,177.582,406,83.7,False,"{""sl_mode"": ""floor"", ""floor_sl_atr_mult"": 1.0, ""momentum_hold_max"": 2, ""trend_filter_enabled"": true, ""min_step_pct"": 0.01, ""directional_enabled"": false, ""leverage"": 3.0}"
30,train,XRP/USD,122.8,1.57,-26.52,39.345,417,82.0,False,"{""sl_mode"": ""floor"", ""floor_sl_atr_mult"": 1.0, ""momentum_hold_max"": 2, ""trend_filter_enabled"": true, ""min_step_pct"": 0.01, ""directional_enabled"": false, ""leverage"": 3.0}"
31,train,SOL/USD,241.55,2.354,-15.68,261.007,455,84.4,False,"{""sl_mode"": ""floor"", ""floor_sl_atr_mult"": 1.0, ""momentum_hold_max"": 2, ""trend_filter_enabled"": true, ""min_step_pct"": 0.01, ""directional_enabled"": true, ""leverage"": 3.0}"
31,train,ETH/USD,201.26,2.184,-13.51,204.477,394,85.0,False,"{""sl_mode"": ""floor"", ""floor_sl_atr_mult"": 1.0, ""momentum_hold_max"": 2, ""trend_filter_enabled"": true, ""min_step_pct"": 0.01, ""directional_enabled"": true, ""leverage"": 3.0}"
31,train,AVAX/USD,225.61,2.767,-21.88,161.136,424,85.1,False,"{""sl_mode"": ""floor"", ""floor_sl_atr_mult"": 1.0, ""momentum_hold_max"": 2, ""trend_filter_enabled"": true, ""min_step_pct"": 0.01, ""directional_enabled"": true, ""leverage"": 3.0}"
31,train,LINK/USD,207.12,2.245,-17.63,166.456,407,83.5,False,"{""sl_mode"": ""floor"", ""floor_sl_atr_mult"": 1.0, ""momentum_hold_max"": 2, ""trend_filter_enabled"": true, ""min_step_pct"": 0.01, ""directional_enabled"": true, ""leverage"": 3.0}"
31,train,XRP/USD,120.06,1.56,-26.52,37.751,418,81.8,False,"{""sl_mode"": ""floor"", ""floor_sl_atr_mult"": 1.0, ""momentum_hold_max"": 2, ""trend_filter_enabled"": true, ""min_step_pct"": 0.01, ""directional_enabled"": true, ""leverage"": 3.0}"
32,train,SOL/USD,95.75,1.434,-33.6,19.98,599,96.7,False,"{""sl_mode"": ""floor"", ""floor_sl_atr_mult"": 1.5, ""momentum_hold_max"": 0, ""trend_filter_enabled"": false, ""min_step_pct"": 0.0, ""directional_enabled"": false, ""leverage"": 3.0}"
32,train,ETH/USD,166.83,2.096,-17.11,109.809,542,96.1,False,"{""sl_mode"": ""floor"", ""floor_sl_atr_mult"": 1.5, ""momentum_hold_max"": 0, ""trend_filter_enabled"": false, ""min_step_pct"": 0.0, ""directional_enabled"": false, ""leverage"": 3.0}"
32,train,AVAX/USD,146.75,1.8,-40.82,35.766,586,96.8,False,"{""sl_mode"": ""floor"", ""floor_sl_atr_mult"": 1.5, ""momentum_hold_max"": 0, ""trend_filter_enabled"": false, ""min_step_pct"": 0.0, ""directional_enabled"": false, ""leverage"": 3.0}"
32,train,LINK/USD,143.73,1.801,-31.14,45.04,565,97.2,False,"{""sl_mode"": ""floor"", ""floor_sl_atr_mult"": 1.5, ""momentum_hold_max"": 0, ""trend_filter_enabled"": false, ""min_step_pct"": 0.0, ""directional_enabled"": false, ""leverage"": 3.0}"
32,train,XRP/USD,66.08,1.288,-33.02,11.14,553,94.9,False,"{""sl_mode"": ""floor"", ""floor_sl_atr_mult"": 1.5, ""momentum_hold_max"": 0, ""trend_filter_enabled"": false, ""min_step_pct"": 0.0, ""directional_enabled"": false, ""leverage"": 3.0}"
33,train,SOL/USD,-13.31,0.057,-13.36,-2.636,8,75.0,True,"{""sl_mode"": ""floor"", ""floor_sl_atr_mult"": 1.5, ""momentum_hold_max"": 0, ""trend_filter_enabled"": false, ""min_step_pct"": 0.0, ""directional_enabled"": true, ""leverage"": 3.0}"
33,train,ETH/USD,161.62,2.068,-17.12,103.011,543,95.9,False,"{""sl_mode"": ""floor"", ""floor_sl_atr_mult"": 1.5, ""momentum_hold_max"": 0, ""trend_filter_enabled"": false, ""min_step_pct"": 0.0, ""directional_enabled"": true, ""leverage"": 3.0}"
33,train,AVAX/USD,140.81,1.775,-40.82,33.036,587,96.6,False,"{""sl_mode"": ""floor"", ""floor_sl_atr_mult"": 1.5, ""momentum_hold_max"": 0, ""trend_filter_enabled"": false, ""min_step_pct"": 0.0, ""directional_enabled"": true, ""leverage"": 3.0}"
33,train,LINK/USD,137.5,1.773,-31.14,41.386,566,97.0,False,"{""sl_mode"": ""floor"", ""floor_sl_atr_mult"": 1.5, ""momentum_hold_max"": 0, ""trend_filter_enabled"": false, ""min_step_pct"": 0.0, ""directional_enabled"": true, ""leverage"": 3.0}"
33,train,XRP/USD,63.69,1.278,-33.02,10.529,554,94.8,False,"{""sl_mode"": ""floor"", ""floor_sl_atr_mult"": 1.5, ""momentum_hold_max"": 0, ""trend_filter_enabled"": false, ""min_step_pct"": 0.0, ""directional_enabled"": true, ""leverage"": 3.0}"
34,train,SOL/USD,-12.98,0.081,-13.72,-2.514,7,71.4,True,"{""sl_mode"": ""floor"", ""floor_sl_atr_mult"": 1.5, ""momentum_hold_max"": 0, ""trend_filter_enabled"": false, ""min_step_pct"": 0.01, ""directional_enabled"": false, ""leverage"": 3.0}"
34,train,ETH/USD,178.47,2.031,-16.25,132.561,426,84.7,False,"{""sl_mode"": ""floor"", ""floor_sl_atr_mult"": 1.5, ""momentum_hold_max"": 0, ""trend_filter_enabled"": false, ""min_step_pct"": 0.01, ""directional_enabled"": false, ""leverage"": 3.0}"
34,train,AVAX/USD,178.44,2.025,-48.85,44.067,476,85.9,False,"{""sl_mode"": ""floor"", ""floor_sl_atr_mult"": 1.5, ""momentum_hold_max"": 0, ""trend_filter_enabled"": false, ""min_step_pct"": 0.01, ""directional_enabled"": false, ""leverage"": 3.0}"
34,train,LINK/USD,207.62,2.161,-18.46,159.861,458,85.4,False,"{""sl_mode"": ""floor"", ""floor_sl_atr_mult"": 1.5, ""momentum_hold_max"": 0, ""trend_filter_enabled"": false, ""min_step_pct"": 0.01, ""directional_enabled"": false, ""leverage"": 3.0}"
34,train,XRP/USD,57.1,1.223,-37.73,7.82,462,82.5,False,"{""sl_mode"": ""floor"", ""floor_sl_atr_mult"": 1.5, ""momentum_hold_max"": 0, ""trend_filter_enabled"": false, ""min_step_pct"": 0.01, ""directional_enabled"": false, ""leverage"": 3.0}"
35,train,SOL/USD,-14.26,0.075,-14.26,-2.621,8,62.5,True,"{""sl_mode"": ""floor"", ""floor_sl_atr_mult"": 1.5, ""momentum_hold_max"": 0, ""trend_filter_enabled"": false, ""min_step_pct"": 0.01, ""directional_enabled"": true, ""leverage"": 3.0}"
35,train,ETH/USD,173.03,2.007,-16.25,124.483,427,84.5,False,"{""sl_mode"": ""floor"", ""floor_sl_atr_mult"": 1.5, ""momentum_hold_max"": 0, ""trend_filter_enabled"": false, ""min_step_pct"": 0.01, ""directional_enabled"": true, ""leverage"": 3.0}"
35,train,AVAX/USD,171.79,1.995,-48.85,40.797,477,85.7,False,"{""sl_mode"": ""floor"", ""floor_sl_atr_mult"": 1.5, ""momentum_hold_max"": 0, ""trend_filter_enabled"": false, ""min_step_pct"": 0.01, ""directional_enabled"": true, ""leverage"": 3.0}"
35,train,LINK/USD,199.21,2.117,-18.46,146.487,459,85.2,False,"{""sl_mode"": ""floor"", ""floor_sl_atr_mult"": 1.5, ""momentum_hold_max"": 0, ""trend_filter_enabled"": false, ""min_step_pct"": 0.01, ""directional_enabled"": true, ""leverage"": 3.0}"
35,train,XRP/USD,54.12,1.214,-37.73,7.227,463,82.3,False,"{""sl_mode"": ""floor"", ""floor_sl_atr_mult"": 1.5, ""momentum_hold_max"": 0, ""trend_filter_enabled"": false, ""min_step_pct"": 0.01, ""directional_enabled"": true, ""leverage"": 3.0}"
36,train,SOL/USD,166.25,1.828,-16.52,112.925,553,97.5,False,"{""sl_mode"": ""floor"", ""floor_sl_atr_mult"": 1.5, ""momentum_hold_max"": 0, ""trend_filter_enabled"": true, ""min_step_pct"": 0.0, ""directional_enabled"": false, ""leverage"": 3.0}"
36,train,ETH/USD,205.31,2.474,-13.04,220.902,493,96.6,False,"{""sl_mode"": ""floor"", ""floor_sl_atr_mult"": 1.5, ""momentum_hold_max"": 0, ""trend_filter_enabled"": true, ""min_step_pct"": 0.0, ""directional_enabled"": false, ""leverage"": 3.0}"
36,train,AVAX/USD,185.85,2.183,-27.07,86.456,530,97.2,False,"{""sl_mode"": ""floor"", ""floor_sl_atr_mult"": 1.5, ""momentum_hold_max"": 0, ""trend_filter_enabled"": true, ""min_step_pct"": 0.0, ""directional_enabled"": false, ""leverage"": 3.0}"
36,train,LINK/USD,182.14,2.103,-24.05,93.34,516,97.5,False,"{""sl_mode"": ""floor"", ""floor_sl_atr_mult"": 1.5, ""momentum_hold_max"": 0, ""trend_filter_enabled"": true, ""min_step_pct"": 0.0, ""directional_enabled"": false, ""leverage"": 3.0}"
36,train,XRP/USD,133.08,1.659,-27.87,43.482,508,95.9,False,"{""sl_mode"": ""floor"", ""floor_sl_atr_mult"": 1.5, ""momentum_hold_max"": 0, ""trend_filter_enabled"": true, ""min_step_pct"": 0.0, ""directional_enabled"": false, ""leverage"": 3.0}"
37,train,SOL/USD,162.91,1.814,-16.51,108.521,554,97.3,False,"{""sl_mode"": ""floor"", ""floor_sl_atr_mult"": 1.5, ""momentum_hold_max"": 0, ""trend_filter_enabled"": true, ""min_step_pct"": 0.0, ""directional_enabled"": true, ""leverage"": 3.0}"
37,train,ETH/USD,198.18,2.428,-13.04,205.04,494,96.4,False,"{""sl_mode"": ""floor"", ""floor_sl_atr_mult"": 1.5, ""momentum_hold_max"": 0, ""trend_filter_enabled"": true, ""min_step_pct"": 0.0, ""directional_enabled"": true, ""leverage"": 3.0}"
37,train,AVAX/USD,178.46,2.146,-27.07,79.55,531,97.0,False,"{""sl_mode"": ""floor"", ""floor_sl_atr_mult"": 1.5, ""momentum_hold_max"": 0, ""trend_filter_enabled"": true, ""min_step_pct"": 0.0, ""directional_enabled"": true, ""leverage"": 3.0}"
37,train,LINK/USD,175.57,2.065,-24.05,86.605,517,97.3,False,"{""sl_mode"": ""floor"", ""floor_sl_atr_mult"": 1.5, ""momentum_hold_max"": 0, ""trend_filter_enabled"": true, ""min_step_pct"": 0.0, ""directional_enabled"": true, ""leverage"": 3.0}"
37,train,XRP/USD,130.2,1.649,-27.87,41.733,509,95.7,False,"{""sl_mode"": ""floor"", ""floor_sl_atr_mult"": 1.5, ""momentum_hold_max"": 0, ""trend_filter_enabled"": true, ""min_step_pct"": 0.0, ""directional_enabled"": true, ""leverage"": 3.0}"
38,train,SOL/USD,241.19,2.367,-15.17,268.888,456,84.6,False,"{""sl_mode"": ""floor"", ""floor_sl_atr_mult"": 1.5, ""momentum_hold_max"": 0, ""trend_filter_enabled"": true, ""min_step_pct"": 0.01, ""directional_enabled"": false, ""leverage"": 3.0}"
38,train,ETH/USD,213.09,2.31,-15.16,205.661,395,85.3,False,"{""sl_mode"": ""floor"", ""floor_sl_atr_mult"": 1.5, ""momentum_hold_max"": 0, ""trend_filter_enabled"": true, ""min_step_pct"": 0.01, ""directional_enabled"": false, ""leverage"": 3.0}"
38,train,AVAX/USD,238.52,2.743,-23.08,172.5,425,85.6,False,"{""sl_mode"": ""floor"", ""floor_sl_atr_mult"": 1.5, ""momentum_hold_max"": 0, ""trend_filter_enabled"": true, ""min_step_pct"": 0.01, ""directional_enabled"": false, ""leverage"": 3.0}"
38,train,LINK/USD,238.85,2.508,-17.23,231.743,411,84.4,False,"{""sl_mode"": ""floor"", ""floor_sl_atr_mult"": 1.5, ""momentum_hold_max"": 0, ""trend_filter_enabled"": true, ""min_step_pct"": 0.01, ""directional_enabled"": false, ""leverage"": 3.0}"
38,train,XRP/USD,116.42,1.533,-28.77,32.906,418,81.8,False,"{""sl_mode"": ""floor"", ""floor_sl_atr_mult"": 1.5, ""momentum_hold_max"": 0, ""trend_filter_enabled"": true, ""min_step_pct"": 0.01, ""directional_enabled"": false, ""leverage"": 3.0}"
39,train,SOL/USD,237.27,2.351,-15.17,259.356,457,84.5,False,"{""sl_mode"": ""floor"", ""floor_sl_atr_mult"": 1.5, ""momentum_hold_max"": 0, ""trend_filter_enabled"": true, ""min_step_pct"": 0.01, ""directional_enabled"": true, ""leverage"": 3.0}"
39,train,ETH/USD,205.89,2.274,-15.21,190.627,396,85.1,False,"{""sl_mode"": ""floor"", ""floor_sl_atr_mult"": 1.5, ""momentum_hold_max"": 0, ""trend_filter_enabled"": true, ""min_step_pct"": 0.01, ""directional_enabled"": true, ""leverage"": 3.0}"
39,train,AVAX/USD,230.59,2.693,-23.08,160.195,426,85.4,False,"{""sl_mode"": ""floor"", ""floor_sl_atr_mult"": 1.5, ""momentum_hold_max"": 0, ""trend_filter_enabled"": true, ""min_step_pct"": 0.01, ""directional_enabled"": true, ""leverage"": 3.0}"
39,train,LINK/USD,232.5,2.462,-17.23,218.461,412,84.2,False,"{""sl_mode"": ""floor"", ""floor_sl_atr_mult"": 1.5, ""momentum_hold_max"": 0, ""trend_filter_enabled"": true, ""min_step_pct"": 0.01, ""directional_enabled"": true, ""leverage"": 3.0}"
39,train,XRP/USD,113.75,1.524,-28.77,31.56,419,81.6,False,"{""sl_mode"": ""floor"", ""floor_sl_atr_mult"": 1.5, ""momentum_hold_max"": 0, ""trend_filter_enabled"": true, ""min_step_pct"": 0.01, ""directional_enabled"": true, ""leverage"": 3.0}"
40,train,SOL/USD,95.75,1.434,-33.6,19.98,599,96.7,False,"{""sl_mode"": ""floor"", ""floor_sl_atr_mult"": 1.5, ""momentum_hold_max"": 2, ""trend_filter_enabled"": false, ""min_step_pct"": 0.0, ""directional_enabled"": false, ""leverage"": 3.0}"
40,train,ETH/USD,166.83,2.096,-17.11,109.809,542,96.1,False,"{""sl_mode"": ""floor"", ""floor_sl_atr_mult"": 1.5, ""momentum_hold_max"": 2, ""trend_filter_enabled"": false, ""min_step_pct"": 0.0, ""directional_enabled"": false, ""leverage"": 3.0}"
40,train,AVAX/USD,146.75,1.8,-40.82,35.766,586,96.8,False,"{""sl_mode"": ""floor"", ""floor_sl_atr_mult"": 1.5, ""momentum_hold_max"": 2, ""trend_filter_enabled"": false, ""min_step_pct"": 0.0, ""directional_enabled"": false, ""leverage"": 3.0}"
40,train,LINK/USD,143.62,1.801,-31.14,44.974,565,97.2,False,"{""sl_mode"": ""floor"", ""floor_sl_atr_mult"": 1.5, ""momentum_hold_max"": 2, ""trend_filter_enabled"": false, ""min_step_pct"": 0.0, ""directional_enabled"": false, ""leverage"": 3.0}"
40,train,XRP/USD,61.81,1.265,-33.02,10.061,553,94.9,False,"{""sl_mode"": ""floor"", ""floor_sl_atr_mult"": 1.5, ""momentum_hold_max"": 2, ""trend_filter_enabled"": false, ""min_step_pct"": 0.0, ""directional_enabled"": false, ""leverage"": 3.0}"
41,train,SOL/USD,-13.31,0.057,-13.36,-2.636,8,75.0,True,"{""sl_mode"": ""floor"", ""floor_sl_atr_mult"": 1.5, ""momentum_hold_max"": 2, ""trend_filter_enabled"": false, ""min_step_pct"": 0.0, ""directional_enabled"": true, ""leverage"": 3.0}"
41,train,ETH/USD,161.62,2.068,-17.12,103.011,543,95.9,False,"{""sl_mode"": ""floor"", ""floor_sl_atr_mult"": 1.5, ""momentum_hold_max"": 2, ""trend_filter_enabled"": false, ""min_step_pct"": 0.0, ""directional_enabled"": true, ""leverage"": 3.0}"
41,train,AVAX/USD,140.81,1.775,-40.82,33.036,587,96.6,False,"{""sl_mode"": ""floor"", ""floor_sl_atr_mult"": 1.5, ""momentum_hold_max"": 2, ""trend_filter_enabled"": false, ""min_step_pct"": 0.0, ""directional_enabled"": true, ""leverage"": 3.0}"
41,train,LINK/USD,137.39,1.772,-31.14,41.324,566,97.0,False,"{""sl_mode"": ""floor"", ""floor_sl_atr_mult"": 1.5, ""momentum_hold_max"": 2, ""trend_filter_enabled"": false, ""min_step_pct"": 0.0, ""directional_enabled"": true, ""leverage"": 3.0}"
41,train,XRP/USD,59.48,1.257,-33.02,9.496,554,94.8,False,"{""sl_mode"": ""floor"", ""floor_sl_atr_mult"": 1.5, ""momentum_hold_max"": 2, ""trend_filter_enabled"": false, ""min_step_pct"": 0.0, ""directional_enabled"": true, ""leverage"": 3.0}"
42,train,SOL/USD,-12.98,0.081,-13.72,-2.514,7,71.4,True,"{""sl_mode"": ""floor"", ""floor_sl_atr_mult"": 1.5, ""momentum_hold_max"": 2, ""trend_filter_enabled"": false, ""min_step_pct"": 0.01, ""directional_enabled"": false, ""leverage"": 3.0}"
42,train,ETH/USD,178.47,2.031,-16.25,132.561,426,84.7,False,"{""sl_mode"": ""floor"", ""floor_sl_atr_mult"": 1.5, ""momentum_hold_max"": 2, ""trend_filter_enabled"": false, ""min_step_pct"": 0.01, ""directional_enabled"": false, ""leverage"": 3.0}"
42,train,AVAX/USD,177.33,2.014,-49.32,43.097,476,85.9,False,"{""sl_mode"": ""floor"", ""floor_sl_atr_mult"": 1.5, ""momentum_hold_max"": 2, ""trend_filter_enabled"": false, ""min_step_pct"": 0.01, ""directional_enabled"": false, ""leverage"": 3.0}"
42,train,LINK/USD,207.62,2.161,-18.46,159.861,458,85.4,False,"{""sl_mode"": ""floor"", ""floor_sl_atr_mult"": 1.5, ""momentum_hold_max"": 2, ""trend_filter_enabled"": false, ""min_step_pct"": 0.01, ""directional_enabled"": false, ""leverage"": 3.0}"
42,train,XRP/USD,54.15,1.211,-37.78,7.224,462,82.5,False,"{""sl_mode"": ""floor"", ""floor_sl_atr_mult"": 1.5, ""momentum_hold_max"": 2, ""trend_filter_enabled"": false, ""min_step_pct"": 0.01, ""directional_enabled"": false, ""leverage"": 3.0}"
43,train,SOL/USD,-14.26,0.075,-14.26,-2.621,8,62.5,True,"{""sl_mode"": ""floor"", ""floor_sl_atr_mult"": 1.5, ""momentum_hold_max"": 2, ""trend_filter_enabled"": false, ""min_step_pct"": 0.01, ""directional_enabled"": true, ""leverage"": 3.0}"
43,train,ETH/USD,173.03,2.007,-16.25,124.483,427,84.5,False,"{""sl_mode"": ""floor"", ""floor_sl_atr_mult"": 1.5, ""momentum_hold_max"": 2, ""trend_filter_enabled"": false, ""min_step_pct"": 0.01, ""directional_enabled"": true, ""leverage"": 3.0}"
43,train,AVAX/USD,170.7,1.985,-49.32,39.897,477,85.7,False,"{""sl_mode"": ""floor"", ""floor_sl_atr_mult"": 1.5, ""momentum_hold_max"": 2, ""trend_filter_enabled"": false, ""min_step_pct"": 0.01, ""directional_enabled"": true, ""leverage"": 3.0}"
43,train,LINK/USD,199.21,2.117,-18.46,146.487,459,85.2,False,"{""sl_mode"": ""floor"", ""floor_sl_atr_mult"": 1.5, ""momentum_hold_max"": 2, ""trend_filter_enabled"": false, ""min_step_pct"": 0.01, ""directional_enabled"": true, ""leverage"": 3.0}"
43,train,XRP/USD,51.51,1.203,-37.78,6.719,463,82.3,False,"{""sl_mode"": ""floor"", ""floor_sl_atr_mult"": 1.5, ""momentum_hold_max"": 2, ""trend_filter_enabled"": false, ""min_step_pct"": 0.01, ""directional_enabled"": true, ""leverage"": 3.0}"
44,train,SOL/USD,166.25,1.828,-16.52,112.925,553,97.5,False,"{""sl_mode"": ""floor"", ""floor_sl_atr_mult"": 1.5, ""momentum_hold_max"": 2, ""trend_filter_enabled"": true, ""min_step_pct"": 0.0, ""directional_enabled"": false, ""leverage"": 3.0}"
44,train,ETH/USD,205.31,2.474,-13.04,220.902,493,96.6,False,"{""sl_mode"": ""floor"", ""floor_sl_atr_mult"": 1.5, ""momentum_hold_max"": 2, ""trend_filter_enabled"": true, ""min_step_pct"": 0.0, ""directional_enabled"": false, ""leverage"": 3.0}"
44,train,AVAX/USD,185.85,2.183,-27.07,86.456,530,97.2,False,"{""sl_mode"": ""floor"", ""floor_sl_atr_mult"": 1.5, ""momentum_hold_max"": 2, ""trend_filter_enabled"": true, ""min_step_pct"": 0.0, ""directional_enabled"": false, ""leverage"": 3.0}"
44,train,LINK/USD,182.0,2.102,-24.05,93.195,516,97.5,False,"{""sl_mode"": ""floor"", ""floor_sl_atr_mult"": 1.5, ""momentum_hold_max"": 2, ""trend_filter_enabled"": true, ""min_step_pct"": 0.0, ""directional_enabled"": false, ""leverage"": 3.0}"
44,train,XRP/USD,127.18,1.618,-27.82,40.021,508,95.9,False,"{""sl_mode"": ""floor"", ""floor_sl_atr_mult"": 1.5, ""momentum_hold_max"": 2, ""trend_filter_enabled"": true, ""min_step_pct"": 0.0, ""directional_enabled"": false, ""leverage"": 3.0}"
45,train,SOL/USD,162.91,1.814,-16.51,108.521,554,97.3,False,"{""sl_mode"": ""floor"", ""floor_sl_atr_mult"": 1.5, ""momentum_hold_max"": 2, ""trend_filter_enabled"": true, ""min_step_pct"": 0.0, ""directional_enabled"": true, ""leverage"": 3.0}"
45,train,ETH/USD,198.18,2.428,-13.04,205.04,494,96.4,False,"{""sl_mode"": ""floor"", ""floor_sl_atr_mult"": 1.5, ""momentum_hold_max"": 2, ""trend_filter_enabled"": true, ""min_step_pct"": 0.0, ""directional_enabled"": true, ""leverage"": 3.0}"
45,train,AVAX/USD,178.46,2.146,-27.07,79.55,531,97.0,False,"{""sl_mode"": ""floor"", ""floor_sl_atr_mult"": 1.5, ""momentum_hold_max"": 2, ""trend_filter_enabled"": true, ""min_step_pct"": 0.0, ""directional_enabled"": true, ""leverage"": 3.0}"
45,train,LINK/USD,175.44,2.064,-24.05,86.47,517,97.3,False,"{""sl_mode"": ""floor"", ""floor_sl_atr_mult"": 1.5, ""momentum_hold_max"": 2, ""trend_filter_enabled"": true, ""min_step_pct"": 0.0, ""directional_enabled"": true, ""leverage"": 3.0}"
45,train,XRP/USD,124.37,1.607,-27.82,38.4,509,95.7,False,"{""sl_mode"": ""floor"", ""floor_sl_atr_mult"": 1.5, ""momentum_hold_max"": 2, ""trend_filter_enabled"": true, ""min_step_pct"": 0.0, ""directional_enabled"": true, ""leverage"": 3.0}"
46,train,SOL/USD,240.8,2.362,-15.17,267.925,455,84.8,False,"{""sl_mode"": ""floor"", ""floor_sl_atr_mult"": 1.5, ""momentum_hold_max"": 2, ""trend_filter_enabled"": true, ""min_step_pct"": 0.01, ""directional_enabled"": false, ""leverage"": 3.0}"
46,train,ETH/USD,213.09,2.31,-15.16,205.661,395,85.3,False,"{""sl_mode"": ""floor"", ""floor_sl_atr_mult"": 1.5, ""momentum_hold_max"": 2, ""trend_filter_enabled"": true, ""min_step_pct"": 0.01, ""directional_enabled"": false, ""leverage"": 3.0}"
46,train,AVAX/USD,237.22,2.729,-23.54,167.094,425,85.6,False,"{""sl_mode"": ""floor"", ""floor_sl_atr_mult"": 1.5, ""momentum_hold_max"": 2, ""trend_filter_enabled"": true, ""min_step_pct"": 0.01, ""directional_enabled"": false, ""leverage"": 3.0}"
46,train,LINK/USD,238.85,2.508,-17.23,231.743,411,84.4,False,"{""sl_mode"": ""floor"", ""floor_sl_atr_mult"": 1.5, ""momentum_hold_max"": 2, ""trend_filter_enabled"": true, ""min_step_pct"": 0.01, ""directional_enabled"": false, ""leverage"": 3.0}"
46,train,XRP/USD,112.87,1.513,-28.77,31.119,418,81.8,False,"{""sl_mode"": ""floor"", ""floor_sl_atr_mult"": 1.5, ""momentum_hold_max"": 2, ""trend_filter_enabled"": true, ""min_step_pct"": 0.01, ""directional_enabled"": false, ""leverage"": 3.0}"
47,train,SOL/USD,236.87,2.346,-15.17,258.416,456,84.6,False,"{""sl_mode"": ""floor"", ""floor_sl_atr_mult"": 1.5, ""momentum_hold_max"": 2, ""trend_filter_enabled"": true, ""min_step_pct"": 0.01, ""directional_enabled"": true, ""leverage"": 3.0}"
47,train,ETH/USD,205.89,2.274,-15.21,190.627,396,85.1,False,"{""sl_mode"": ""floor"", ""floor_sl_atr_mult"": 1.5, ""momentum_hold_max"": 2, ""trend_filter_enabled"": true, ""min_step_pct"": 0.01, ""directional_enabled"": true, ""leverage"": 3.0}"
47,train,AVAX/USD,229.06,2.676,-23.54,154.793,426,85.4,False,"{""sl_mode"": ""floor"", ""floor_sl_atr_mult"": 1.5, ""momentum_hold_max"": 2, ""trend_filter_enabled"": true, ""min_step_pct"": 0.01, ""directional_enabled"": true, ""leverage"": 3.0}"
47,train,LINK/USD,232.5,2.462,-17.23,218.461,412,84.2,False,"{""sl_mode"": ""floor"", ""floor_sl_atr_mult"": 1.5, ""momentum_hold_max"": 2, ""trend_filter_enabled"": true, ""min_step_pct"": 0.01, ""directional_enabled"": true, ""leverage"": 3.0}"
47,train,XRP/USD,110.24,1.504,-28.77,29.839,419,81.6,False,"{""sl_mode"": ""floor"", ""floor_sl_atr_mult"": 1.5, ""momentum_hold_max"": 2, ""trend_filter_enabled"": true, ""min_step_pct"": 0.01, ""directional_enabled"": true, ""leverage"": 3.0}"
6,test,SOL/USD,53.62,2.537,-5.66,199.598,168,73.2,False,"{""sl_mode"": ""per_position"", ""momentum_hold_max"": 0, ""trend_filter_enabled"": true, ""min_step_pct"": 0.01, ""directional_enabled"": false, ""leverage"": 3.0}"
6,test,ETH/USD,20.5,1.573,-11.08,17.806,133,63.9,False,"{""sl_mode"": ""per_position"", ""momentum_hold_max"": 0, ""trend_filter_enabled"": true, ""min_step_pct"": 0.01, ""directional_enabled"": false, ""leverage"": 3.0}"
6,test,AVAX/USD,39.69,2.007,-6.95,87.081,169,67.5,False,"{""sl_mode"": ""per_position"", ""momentum_hold_max"": 0, ""trend_filter_enabled"": true, ""min_step_pct"": 0.01, ""directional_enabled"": false, ""leverage"": 3.0}"
6,test,LINK/USD,36.31,1.616,-5.41,94.506,200,68.0,False,"{""sl_mode"": ""per_position"", ""momentum_hold_max"": 0, ""trend_filter_enabled"": true, ""min_step_pct"": 0.01, ""directional_enabled"": false, ""leverage"": 3.0}"
6,test,XRP/USD,30.88,1.682,-8.66,44.081,150,70.0,False,"{""sl_mode"": ""per_position"", ""momentum_hold_max"": 0, ""trend_filter_enabled"": true, ""min_step_pct"": 0.01, ""directional_enabled"": false, ""leverage"": 3.0}"
14,test,SOL/USD,52.92,2.487,-5.66,193.874,168,73.2,False,"{""sl_mode"": ""per_position"", ""momentum_hold_max"": 2, ""trend_filter_enabled"": true, ""min_step_pct"": 0.01, ""directional_enabled"": false, ""leverage"": 3.0}"
14,test,ETH/USD,18.2,1.479,-11.08,14.948,131,64.9,False,"{""sl_mode"": ""per_position"", ""momentum_hold_max"": 2, ""trend_filter_enabled"": true, ""min_step_pct"": 0.01, ""directional_enabled"": false, ""leverage"": 3.0}"
14,test,AVAX/USD,39.43,1.994,-6.98,85.663,168,67.9,False,"{""sl_mode"": ""per_position"", ""momentum_hold_max"": 2, ""trend_filter_enabled"": true, ""min_step_pct"": 0.01, ""directional_enabled"": false, ""leverage"": 3.0}"
14,test,LINK/USD,35.44,1.596,-5.41,90.382,200,68.0,False,"{""sl_mode"": ""per_position"", ""momentum_hold_max"": 2, ""trend_filter_enabled"": true, ""min_step_pct"": 0.01, ""directional_enabled"": false, ""leverage"": 3.0}"
14,test,XRP/USD,30.26,1.66,-9.08,40.624,150,70.0,False,"{""sl_mode"": ""per_position"", ""momentum_hold_max"": 2, ""trend_filter_enabled"": true, ""min_step_pct"": 0.01, ""directional_enabled"": false, ""leverage"": 3.0}"
7,test,SOL/USD,52.0,2.467,-5.66,186.481,169,72.8,False,"{""sl_mode"": ""per_position"", ""momentum_hold_max"": 0, ""trend_filter_enabled"": true, ""min_step_pct"": 0.01, ""directional_enabled"": true, ""leverage"": 3.0}"
7,test,ETH/USD,22.78,1.605,-11.08,20.912,135,63.7,False,"{""sl_mode"": ""per_position"", ""momentum_hold_max"": 0, ""trend_filter_enabled"": true, ""min_step_pct"": 0.01, ""directional_enabled"": true, ""leverage"": 3.0}"
7,test,AVAX/USD,40.45,1.985,-6.95,90.355,171,67.3,False,"{""sl_mode"": ""per_position"", ""momentum_hold_max"": 0, ""trend_filter_enabled"": true, ""min_step_pct"": 0.01, ""directional_enabled"": true, ""leverage"": 3.0}"
7,test,LINK/USD,38.53,1.63,-5.41,105.686,202,67.8,False,"{""sl_mode"": ""per_position"", ""momentum_hold_max"": 0, ""trend_filter_enabled"": true, ""min_step_pct"": 0.01, ""directional_enabled"": true, ""leverage"": 3.0}"
7,test,XRP/USD,30.91,1.666,-8.66,44.178,152,69.7,False,"{""sl_mode"": ""per_position"", ""momentum_hold_max"": 0, ""trend_filter_enabled"": true, ""min_step_pct"": 0.01, ""directional_enabled"": true, ""leverage"": 3.0}"
15,test,SOL/USD,51.31,2.419,-5.66,181.103,169,72.8,False,"{""sl_mode"": ""per_position"", ""momentum_hold_max"": 2, ""trend_filter_enabled"": true, ""min_step_pct"": 0.01, ""directional_enabled"": true, ""leverage"": 3.0}"
15,test,ETH/USD,20.44,1.512,-11.08,17.723,133,64.7,False,"{""sl_mode"": ""per_position"", ""momentum_hold_max"": 2, ""trend_filter_enabled"": true, ""min_step_pct"": 0.01, ""directional_enabled"": true, ""leverage"": 3.0}"
15,test,AVAX/USD,40.19,1.972,-6.98,88.89,170,67.6,False,"{""sl_mode"": ""per_position"", ""momentum_hold_max"": 2, ""trend_filter_enabled"": true, ""min_step_pct"": 0.01, ""directional_enabled"": true, ""leverage"": 3.0}"
15,test,LINK/USD,37.66,1.609,-5.72,95.727,202,67.8,False,"{""sl_mode"": ""per_position"", ""momentum_hold_max"": 2, ""trend_filter_enabled"": true, ""min_step_pct"": 0.01, ""directional_enabled"": true, ""leverage"": 3.0}"
15,test,XRP/USD,30.3,1.645,-9.08,40.712,152,69.7,False,"{""sl_mode"": ""per_position"", ""momentum_hold_max"": 2, ""trend_filter_enabled"": true, ""min_step_pct"": 0.01, ""directional_enabled"": true, ""leverage"": 3.0}"
4,test,SOL/USD,55.1,2.899,-3.99,300.475,202,80.7,False,"{""sl_mode"": ""per_position"", ""momentum_hold_max"": 0, ""trend_filter_enabled"": true, ""min_step_pct"": 0.0, ""directional_enabled"": false, ""leverage"": 3.0}"
4,test,ETH/USD,17.69,1.556,-7.57,20.995,163,74.2,False,"{""sl_mode"": ""per_position"", ""momentum_hold_max"": 0, ""trend_filter_enabled"": true, ""min_step_pct"": 0.0, ""directional_enabled"": false, ""leverage"": 3.0}"
4,test,AVAX/USD,39.66,2.218,-5.16,117.253,198,75.8,False,"{""sl_mode"": ""per_position"", ""momentum_hold_max"": 0, ""trend_filter_enabled"": true, ""min_step_pct"": 0.0, ""directional_enabled"": false, ""leverage"": 3.0}"
4,test,LINK/USD,40.2,1.69,-7.11,87.195,258,78.7,False,"{""sl_mode"": ""per_position"", ""momentum_hold_max"": 0, ""trend_filter_enabled"": true, ""min_step_pct"": 0.0, ""directional_enabled"": false, ""leverage"": 3.0}"
4,test,XRP/USD,24.26,1.542,-8.55,29.903,200,74.0,False,"{""sl_mode"": ""per_position"", ""momentum_hold_max"": 0, ""trend_filter_enabled"": true, ""min_step_pct"": 0.0, ""directional_enabled"": false, ""leverage"": 3.0}"
12,test,SOL/USD,54.67,2.866,-3.99,295.201,200,82.0,False,"{""sl_mode"": ""per_position"", ""momentum_hold_max"": 2, ""trend_filter_enabled"": true, ""min_step_pct"": 0.0, ""directional_enabled"": false, ""leverage"": 3.0}"
12,test,ETH/USD,15.87,1.475,-7.58,17.997,161,75.2,False,"{""sl_mode"": ""per_position"", ""momentum_hold_max"": 2, ""trend_filter_enabled"": true, ""min_step_pct"": 0.0, ""directional_enabled"": false, ""leverage"": 3.0}"
12,test,AVAX/USD,39.7,2.203,-5.18,116.996,198,76.8,False,"{""sl_mode"": ""per_position"", ""momentum_hold_max"": 2, ""trend_filter_enabled"": true, ""min_step_pct"": 0.0, ""directional_enabled"": false, ""leverage"": 3.0}"
12,test,LINK/USD,42.88,1.749,-7.49,94.11,256,80.1,False,"{""sl_mode"": ""per_position"", ""momentum_hold_max"": 2, ""trend_filter_enabled"": true, ""min_step_pct"": 0.0, ""directional_enabled"": false, ""leverage"": 3.0}"
12,test,XRP/USD,22.91,1.5,-8.56,27.305,199,74.4,False,"{""sl_mode"": ""per_position"", ""momentum_hold_max"": 2, ""trend_filter_enabled"": true, ""min_step_pct"": 0.0, ""directional_enabled"": false, ""leverage"": 3.0}"
5,test,SOL/USD,53.58,2.804,-3.99,282.483,203,80.3,False,"{""sl_mode"": ""per_position"", ""momentum_hold_max"": 0, ""trend_filter_enabled"": true, ""min_step_pct"": 0.0, ""directional_enabled"": true, ""leverage"": 3.0}"
5,test,ETH/USD,20.0,1.594,-7.57,25.121,164,74.4,False,"{""sl_mode"": ""per_position"", ""momentum_hold_max"": 0, ""trend_filter_enabled"": true, ""min_step_pct"": 0.0, ""directional_enabled"": true, ""leverage"": 3.0}"
5,test,AVAX/USD,40.48,2.184,-5.16,121.991,199,75.9,False,"{""sl_mode"": ""per_position"", ""momentum_hold_max"": 0, ""trend_filter_enabled"": true, ""min_step_pct"": 0.0, ""directional_enabled"": true, ""leverage"": 3.0}"
5,test,LINK/USD,42.14,1.698,-7.11,95.694,259,78.8,False,"{""sl_mode"": ""per_position"", ""momentum_hold_max"": 0, ""trend_filter_enabled"": true, ""min_step_pct"": 0.0, ""directional_enabled"": true, ""leverage"": 3.0}"
5,test,XRP/USD,24.27,1.53,-8.55,29.936,202,73.8,False,"{""sl_mode"": ""per_position"", ""momentum_hold_max"": 0, ""trend_filter_enabled"": true, ""min_step_pct"": 0.0, ""directional_enabled"": true, ""leverage"": 3.0}"
13,test,SOL/USD,53.22,2.773,-4.02,276.248,201,81.6,False,"{""sl_mode"": ""per_position"", ""momentum_hold_max"": 2, ""trend_filter_enabled"": true, ""min_step_pct"": 0.0, ""directional_enabled"": true, ""leverage"": 3.0}"
13,test,ETH/USD,18.15,1.513,-7.58,21.759,162,75.3,False,"{""sl_mode"": ""per_position"", ""momentum_hold_max"": 2, ""trend_filter_enabled"": true, ""min_step_pct"": 0.0, ""directional_enabled"": true, ""leverage"": 3.0}"
13,test,AVAX/USD,40.49,2.168,-5.18,121.524,200,76.5,False,"{""sl_mode"": ""per_position"", ""momentum_hold_max"": 2, ""trend_filter_enabled"": true, ""min_step_pct"": 0.0, ""directional_enabled"": true, ""leverage"": 3.0}"
13,test,LINK/USD,44.86,1.755,-7.49,103.116,258,79.8,False,"{""sl_mode"": ""per_position"", ""momentum_hold_max"": 2, ""trend_filter_enabled"": true, ""min_step_pct"": 0.0, ""directional_enabled"": true, ""leverage"": 3.0}"
13,test,XRP/USD,22.92,1.489,-8.56,27.337,201,74.1,False,"{""sl_mode"": ""per_position"", ""momentum_hold_max"": 2, ""trend_filter_enabled"": true, ""min_step_pct"": 0.0, ""directional_enabled"": true, ""leverage"": 3.0}"
0,test,SOL/USD,49.68,2.393,-4.61,207.231,226,77.9,False,"{""sl_mode"": ""per_position"", ""momentum_hold_max"": 0, ""trend_filter_enabled"": false, ""min_step_pct"": 0.0, ""directional_enabled"": false, ""leverage"": 3.0}"
0,test,ETH/USD,12.4,1.324,-8.04,12.19,187,72.2,False,"{""sl_mode"": ""per_position"", ""momentum_hold_max"": 0, ""trend_filter_enabled"": false, ""min_step_pct"": 0.0, ""directional_enabled"": false, ""leverage"": 3.0}"
0,test,AVAX/USD,34.89,1.91,-5.29,89.764,213,73.7,False,"{""sl_mode"": ""per_position"", ""momentum_hold_max"": 0, ""trend_filter_enabled"": false, ""min_step_pct"": 0.0, ""directional_enabled"": false, ""leverage"": 3.0}"
0,test,LINK/USD,30.94,1.467,-8.89,43.075,276,75.7,False,"{""sl_mode"": ""per_position"", ""momentum_hold_max"": 0, ""trend_filter_enabled"": false, ""min_step_pct"": 0.0, ""directional_enabled"": false, ""leverage"": 3.0}"
0,test,XRP/USD,9.09,1.155,-14.39,4.605,215,69.3,False,"{""sl_mode"": ""per_position"", ""momentum_hold_max"": 0, ""trend_filter_enabled"": false, ""min_step_pct"": 0.0, ""directional_enabled"": false, ""leverage"": 3.0}"
8,test,SOL/USD,49.28,2.371,-4.61,203.621,224,79.0,False,"{""sl_mode"": ""per_position"", ""momentum_hold_max"": 2, ""trend_filter_enabled"": false, ""min_step_pct"": 0.0, ""directional_enabled"": false, ""leverage"": 3.0}"
8,test,ETH/USD,10.52,1.264,-8.04,9.867,185,73.0,False,"{""sl_mode"": ""per_position"", ""momentum_hold_max"": 2, ""trend_filter_enabled"": false, ""min_step_pct"": 0.0, ""directional_enabled"": false, ""leverage"": 3.0}"
8,test,AVAX/USD,35.37,1.915,-5.31,91.696,214,75.2,False,"{""sl_mode"": ""per_position"", ""momentum_hold_max"": 2, ""trend_filter_enabled"": false, ""min_step_pct"": 0.0, ""directional_enabled"": false, ""leverage"": 3.0}"
8,test,LINK/USD,33.33,1.508,-9.3,46.992,274,77.0,False,"{""sl_mode"": ""per_position"", ""momentum_hold_max"": 2, ""trend_filter_enabled"": false, ""min_step_pct"": 0.0, ""directional_enabled"": false, ""leverage"": 3.0}"
8,test,XRP/USD,7.87,1.132,-14.91,3.737,214,69.6,False,"{""sl_mode"": ""per_position"", ""momentum_hold_max"": 2, ""trend_filter_enabled"": false, ""min_step_pct"": 0.0, ""directional_enabled"": false, ""leverage"": 3.0}"
